;;;;;
;;; 10 Maguire Road, Bldg. 3;;
;;;Lexington, MA  02421 USA ;;
;;;Phone: +1 - 781-430-7500 ;;
;;;Fax: +1 - 781-430-7300 ;;
;;;www.ibasis.net;;
;;;Rate Mod : 1025957;;
SIA Lexico Telecom LTD (Premium Voice);;;;;
Carrier Rate Modification Notice;;;;;
;;;;;
Rate Mod Date:;; July      05, 2017;;;
Increases Effective:;; July      11, 2017;;;
Decreases Effective:;; July      05, 2017;;;
Terminations Effective:;; July      11, 2017;;;
New Rates Effective:;; July      05, 2017;;;
Code Change Effective:;; July      11, 2017;;;
Product Description:;; Premium Voice;;;
Rates Quoted in;; U.S. Dollars;;;
;;;;;
Description;Features;Rate Per Minute;Period;Change;
Afghanistan;;0,1670;M;U;
Afghanistan - Mobile - AT;;0,1655;M;U;
Afghanistan - Mobile - AWCC;CLI;0,1628;M;U;
Afghanistan - Mobile - Etisalat;CLI;0,1460;M;U;
Afghanistan - Mobile - MTN;CLI;0,1430;M;U;
Afghanistan - Mobile - Roshan;CLI;0,1245;M;U;
Afghanistan - Mobile - Salam;;0,1630;M;U;
Albania;CLI;0,1300;M;U;
Albania - AMC;CLI;0,1285;M;U;
Albania - Centralcom PRS;;0,3754;M;U;
Albania - Mobile - AMC;CLI;0,3138;M;U;
Albania - Mobile - Eagle;CLI;0,3373;M;U;
Albania - Mobile - Plus;CLI;0,3485;M;U;
Albania - Mobile - Vodafone;CLI;0,3194;M;U;
Albania - Premium Services;;0,4482;M;U;
Albania - Special PRS;;0,4482;M;U;
Albania - Tirane;CLI;0,1289;M;U;
Algeria;;0,0504;M;U;
Algeria - Alger;;0,0504;M;U;
Algeria - Mobile - Mobilis;CLI;0,4146;M;U;
Algeria - Mobile - Ooredoo;CLI;0,4678;M;U;
Algeria - Mobile - Orascom;CLI;0,2554;M;U;
American Samoa;;0,0195;M;U;
Andorra;;0,0112;M;U;
Andorra - Mobile;CLI;0,1059;M;U;
Angola;;0,0450;M;U;
Angola - Mobile - Movicel;CLI;0,1680;M;U;
Angola - Mobile - Unitel;CLI;0,1080;M;U;
Angola - Premium Services;;0,5300;M;U;
Anguilla;;0,1580;M;U;
Anguilla - Mobile - Digicel;;0,1705;M;U;
Anguilla - Mobile - Other;;0,1690;M;U;
Anguilla - Premium Services;;0,4900;M;U;
Antarctica & Islands;;1,4000;M;U;
Antarctica & Islands - Antartic;;1,4000;M;U;
Antigua & Barbuda;;0,1580;M;U;
Antigua & Barbuda - Mobile;CLI;0,1685;M;U;
Argentina;;0,0165;M;U;
Argentina - Bahia Blanca;;0,0038;M;U;
Argentina - Buenos Aires;;0,0017;M;U;
Argentina - Cordoba;;0,0038;M;U;
Argentina - Corredores On Net;;0,0152;M;U;
Argentina - La Plata;;0,0038;M;U;
Argentina - Mar del Plata;;0,0038;M;U;
Argentina - Mendoza;;0,0038;M;U;
Argentina - Mobile;CLI;0,1805;M;U;
Argentina - Rosario;;0,0038;M;U;
Argentina - Santa Fe;;0,0038;M;U;
Armenia;;0,1430;M;U;
Armenia - Fixed - Ucom;;0,1475;M;U;
Armenia - Mobile - Armentel GSM;CLI;0,1875;M;U;
Armenia - Mobile - Nagorny Karabakh;;0,1310;M;U;
Armenia - Mobile - Ucom;CLI;0,1840;M;U;
Armenia - Mobile - VivaCell;CLI;0,1770;M;U;
Armenia - Nagorny Karabakh Region;;0,0770;M;U;
Armenia - Non Geographical;;0,1450;M;U;
Armenia - Yerevan;;0,1420;M;U;
Aruba;;0,0670;M;U;
Aruba - Mobile - Digicel;CLI;0,1585;M;U;
Aruba - Mobile - MIO;CLI;0,1770;M;U;
Aruba - Mobile - Setar;CLI;0,1610;M;U;
Ascension Island;;1,0500;M;U;
Ascension Island - Premium Rate;;1,1000;M;U;
Australia;;0,0075;M;U;
Australia - Adelaide;;0,0075;M;U;
Australia - Brisbane;;0,0075;M;U;
Australia - Canberra;;0,0075;M;U;
Australia - Melbourne;;0,0075;M;U;
Australia - Mobile;CLI;0,0190;M;U;
Australia - Mobile - Optus;CLI;0,0190;M;U;
Australia - Mobile - Telstra;CLI;0,0190;M;U;
Australia - Mobile - VHA;CLI;0,0190;M;U;
Australia - Perth;;0,0075;M;U;
Australia - Satellite Services;;1,9000;M;U;
Australia - Shared Cost Service;;0,0150;M;U;
Australia - Sydney;;0,0075;M;U;
Austria;CLI;0,0958;M;U;
Austria - Mobile;CLI;0,2017;M;U;
Austria - Mobile - Hutchison 3G;CLI;0,2073;M;U;
Austria - Mobile - Mobilkom A1;CLI;0,2073;M;U;
Austria - Mobile - T-Mobile;CLI;0,2073;M;U;
Austria - Mobile Truck Locator Service;;0,0212;M;U;
Austria - Premium numbers;;0,1916;M;U;
Austria - Private numbers;CLI;0,0958;M;U;
Austria - Special Service;;0,0958;M;U;
Austria - Vienna;CLI;0,0958;M;U;
Azerbaijan;;0,1633;M;U;
Azerbaijan - Baku;;0,1633;M;U;
Azerbaijan - Mobile - AzerCell;;0,2430;M;U;
Azerbaijan - Mobile - Azerfone;;0,2430;M;U;
Azerbaijan - Mobile - Bakcell;;0,2430;M;U;
Azerbaijan - Mobile - Fonex;;0,2640;M;U;
Azerbaijan - Mobile - Other;;0,2640;M;U;
Bahamas;;0,0655;M;U;
Bahamas - Mobile;CLI;0,1120;M;U;
Bahrain;;0,0820;M;U;
Bahrain - Broadband;;0,4482;M;U;
Bahrain - Mobile - Batelco;CLI;0,1010;M;U;
Bahrain - Mobile - Viva;CLI;0,1010;M;U;
Bahrain - Mobile - Zain;CLI;0,1010;M;U;
Bahrain - WIMAX;;0,0845;M;U;
Bangladesh;;0,0212;M;U;
Bangladesh - Mobile;CLI;0,0198;M;U;
Barbados;;0,1590;M;U;
Barbados - Mobile - CW;CLI;0,1850;M;U;
Barbados - Mobile - Digicel;CLI;0,1689;M;U;
Belarus;;0,3019;M;U;
Belarus - Minsk;;0,3019;M;U;
Belarus - Mobile - MTS;CLI;0,3019;M;U;
Belarus - Mobile - Others;CLI;0,3019;M;U;
Belarus - Mobile - Velcom;CLI;0,3019;M;U;
Belarus - Telematic Service;;0,8140;M;U;
Belarus - Voice Services OLO;;0,3020;M;U;
Belgium;CLI;0,0723;M;U;
Belgium - Mobile - Base;CLI;0,3466;M;U;
Belgium - Mobile - Mobistar;CLI;0,3466;M;U;
Belgium - Mobile - Other;CLI;0,3466;M;U;
Belgium - Mobile - Proximus;CLI;0,3466;M;U;
Belgium - Mobile - Telenet;CLI;0,3466;M;U;
Belgium - Personal Numbers;;0,0443;M;U;
Belgium - Service Numbers;;0,0331;M;U;
Belgium - Telenet Areas;CLI;0,0736;M;I;
Belgium - Versatel Areas;CLI;0,0736;M;I;
Belize;;0,1692;M;D;
Belize - Mobile;;0,1600;M;D;
Benin;;0,2639;M;U;
Benin - Mobile - BBCOM;CLI;0,2573;M;I;
Benin - Mobile - BBCOM Plus;;0,3922;M;U;
Benin - Mobile - Globacom;CLI;0,2237;M;U;
Benin - Mobile - Libercom;CLI;0,2237;M;U;
Benin - Mobile - MTN;CLI;0,2713;M;U;
Benin - Mobile - Moov;CLI;0,2824;M;U;
Bermuda;;0,0254;M;U;
Bhutan;;0,0600;M;U;
Bolivia;;0,0850;M;U;
Bolivia - Cochabamba;;0,0795;M;U;
Bolivia - La Paz;;0,0795;M;U;
Bolivia - Mobile;CLI;0,1380;M;U;
Bolivia - Mobile - Entel;CLI;0,1380;M;U;
Bolivia - Mobile - Nuevatel;CLI;0,1380;M;U;
Bolivia - Mobile - Tigo;CLI;0,1380;M;U;
Bolivia - Rural;;0,1600;M;U;
Bolivia - Santa Cruz;;0,0795;M;U;
Bosnia;;0,1255;M;U;
Bosnia - BHT;;0,1210;M;U;
Bosnia - HT Mostar;;0,1209;M;U;
Bosnia - Mobile - BHT;CLI;0,2654;M;U;
Bosnia - Mobile - Eronet;CLI;0,2654;M;U;
Bosnia - Mobile - TS;CLI;0,2654;M;U;
Bosnia - Srpske;;0,1197;M;U;
Botswana;;0,0710;M;U;
Botswana - Mobile;CLI;0,1050;M;U;
Botswana - Mobile - Mascom;CLI;0,1485;M;U;
Botswana - Mobile - Orange;CLI;0,2000;M;U;
Brazil;;0,0039;M;U;
Brazil - Belo Horizonte;;0,0025;M;U;
Brazil - Brasilia;;0,0029;M;U;
Brazil - Campinas;;0,0029;M;U;
Brazil - Curitiba;;0,0029;M;U;
Brazil - Florianopolis;;0,0029;M;U;
Brazil - Fortaleza;;0,0029;M;U;
Brazil - Goiania;;0,0029;M;U;
Brazil - Governador Valadares;;0,0029;M;U;
Brazil - Mobile;CLI;0,0359;M;U;
Brazil - Mobile - Claro;CLI;0,0359;M;U;
Brazil - Mobile - Oi;CLI;0,0359;M;U;
Brazil - Mobile - TIM;CLI;0,0359;M;U;
Brazil - Natal;;0,0029;M;U;
Brazil - Pocos de Caldas;;0,0029;M;U;
Brazil - Porto Alegre;;0,0029;M;U;
Brazil - Recife;;0,0029;M;U;
Brazil - Rio de Janeiro;;0,0025;M;U;
Brazil - Salvador;;0,0029;M;U;
Brazil - Santos;;0,0029;M;U;
Brazil - Sao Paulo;;0,0025;M;U;
Brazil - Uberlandia;;0,0029;M;U;
Brazil - Vitoria;;0,0029;M;U;
British Virgin Islands;;0,1120;M;U;
British Virgin Islands - Mobile - Digicel;;0,1500;M;U;
British Virgin Islands - Mobile - Other;;0,1500;M;U;
Brunei;;0,0210;M;U;
Brunei - Mobile (B-Mobile);CLI;0,0210;M;U;
Brunei - Mobile - Other;CLI;0,0210;M;U;
Bulgaria;;0,0644;M;U;
Bulgaria - Mobile - Globul;CLI;0,2925;M;U;
Bulgaria - Mobile - Mobiltel;CLI;0,1961;M;U;
Bulgaria - Mobile - Vivacom;CLI;0,2824;M;U;
Bulgaria - Other Local Operators;;0,0639;M;U;
Bulgaria - Sofia;;0,0574;M;U;
Bulgaria - Special Services;;0,0672;M;U;
Burkina Faso;;0,1377;M;U;
Burkina Faso - Fixed - Orange;;0,2801;M;U;
Burkina Faso - Mobile - Orange;CLI;0,2676;M;U;
Burkina Faso - Mobile - Telecel;CLI;0,3037;M;U;
Burkina Faso - Mobile - Telmob;CLI;0,3076;M;U;
Burundi;;0,4520;M;U;
Burundi - Mobile;;0,4520;M;U;
Burundi - Mobile - Africell;;0,4520;M;U;
Burundi - Mobile - Econet;;0,4520;M;U;
Burundi - Onkod;;0,4550;M;U;
Cambodia;;0,0500;M;U;
Cambodia - Fixed - Metfone;;0,0515;M;U;
Cambodia - Mobile - Cadcom;;0,0515;M;U;
Cambodia - Mobile - Cellcard;CLI;0,0410;M;U;
Cambodia - Mobile - Metfone;CLI;0,0500;M;U;
Cambodia - Mobile - Other;CLI;0,0410;M;U;
Cambodia - Mobile - Smart Axiata;CLI;0,0410;M;U;
Cameroon;;0,0924;M;U;
Cameroon - Mobile - MTN;CLI;0,2785;M;U;
Cameroon - Mobile - Nextel;CLI;0,2767;M;U;
Cameroon - Mobile - Orange;CLI;0,2880;M;U;
Cameroon - Yaounde;;0,0924;M;U;
Canada;CLI;0,0011;M;U;
Canada - Alberta Northern;CLI;0,0011;M;U;
Canada - Alberta Southern;CLI;0,0011;M;U;
Canada - British Columbia;CLI;0,0011;M;U;
Canada - British Columbia Lower Mainland;CLI;0,0011;M;U;
Canada - British Columbia Mainland;CLI;0,0011;M;U;
Canada - Manitoba;CLI;0,0011;M;U;
Canada - Montreal;CLI;0,0011;M;U;
Canada - Montreal Metro;CLI;0,0011;M;U;
Canada - Ontario Eastern;CLI;0,0011;M;U;
Canada - Ontario Golden Horseshoe 01;CLI;0,0011;M;U;
Canada - Ontario Southern;CLI;0,0011;M;U;
Canada - Toronto 01;CLI;0,0011;M;U;
Canada - Toronto 02;CLI;0,0011;M;U;
Canada - Yukon Territory;CLI;0,0025;M;U;
Cape Verde Islands;;0,1356;M;U;
Cape Verde Islands - Mobile;;0,2129;M;U;
Cape Verde Islands - Mobile - CVTelecom;;0,2140;M;U;
Cayman Islands;;0,0860;M;U;
Cayman Islands - Mobile - C&W;CLI;0,1450;M;U;
Cayman Islands - Mobile - Digicel;CLI;0,1290;M;U;
Cayman Islands - Mobile - Other;CLI;0,1520;M;U;
Central African Republic;;0,2750;M;U;
Central African Republic - Mobile - Azur;;0,3900;M;U;
Central African Republic - Mobile - Moov;;0,4400;M;U;
Central African Republic - Mobile - Orange;;0,2652;M;U;
Central African Republic - Mobile - Telecel;;0,4600;M;U;
Central African Republic - VAS;;0,2789;M;U;
Chad;;0,4729;M;U;
Chad - Mobile - Airtel;CLI;0,4835;M;U;
Chad - Mobile - Other;CLI;0,4729;M;U;
Chad - Mobile - Tigo;CLI;0,4729;M;U;
Chile;;0,0089;M;U;
Chile - Easter Island;;0,4999;M;U;
Chile - Mobile;CLI;0,0333;M;U;
Chile - Rural;;0,6600;M;U;
Chile - Santiago;;0,0059;M;U;
China;;0,0090;M;U;
China - Beijing;;0,0090;M;U;
China - Mobile;CLI;0,0090;M;U;
Colombia;;0,0189;M;U;
Colombia - Armenia;;0,0169;M;U;
Colombia - Barranquilla;;0,0139;M;U;
Colombia - Bogota;;0,0139;M;U;
Colombia - Bucaramanga;;0,0139;M;U;
Colombia - Cali;;0,0139;M;U;
Colombia - Cartagena;;0,0169;M;U;
Colombia - Manizales;;0,0139;M;U;
Colombia - Medellin;;0,0139;M;U;
Colombia - Mobile;;0,0372;M;U;
Colombia - Mobile - Avantel;CLI;0,0470;M;U;
Colombia - Mobile - Comcel;CLI;0,0180;M;U;
Colombia - Mobile - Movistar;CLI;0,0180;M;U;
Colombia - Mobile - Tigo;CLI;0,0180;M;U;
Colombia - Palmira;;0,0139;M;U;
Colombia - Pereira;;0,0139;M;U;
Comoros;;0,1990;M;I;
Comoros - Mobile;;0,2760;M;I;
Comoros - Premium Services;;0,3000;M;U;
Comoros - WiAir;;0,3000;M;U;
Congo;;0,3500;M;U;
Congo (DR);;0,2190;M;U;
Congo (DR) - Mobile - Africell;;0,3400;M;U;
Congo (DR) - Mobile - Airtel;;0,2970;M;U;
Congo (DR) - Mobile - Orange;;0,2710;M;U;
Congo (DR) - Mobile - Other;;0,2450;M;U;
Congo (DR) - Mobile - Tatem;;0,3500;M;U;
Congo (DR) - Mobile - Tigo;;0,2710;M;U;
Congo (DR) - Mobile - Vodacom;;0,2640;M;U;
Congo (DR) - PRS - Phonegroup;;0,2495;M;U;
Congo (DR) - Premium Rate Services;;1,0500;M;U;
Congo - Equator;;0,3840;M;U;
Congo - Global Reach Telecom PRS;;0,3850;M;U;
Congo - Mobile - Airtel;;0,4040;M;I;
Congo - Mobile - Azur;;0,3795;M;U;
Congo - Mobile - MTN;;0,3420;M;U;
Congo - Mobile - Warid;;0,3900;M;U;
Cook Islands;;0,6100;M;U;
Costa Rica;;0,0145;M;U;
Costa Rica - Fixed - High Cost;;0,0313;M;U;
Costa Rica - Mobile - Claro;CLI;0,0436;M;I;
Costa Rica - Mobile - Other;CLI;0,0398;M;U;
Costa Rica - Mobile - Telefonica;CLI;0,0595;M;U;
Croatia;;0,1177;M;U;
Croatia - Mobile - HT Mobile;CLI;0,2970;M;U;
Croatia - Mobile - Tele2;CLI;0,3188;M;U;
Croatia - Mobile - VipNet;CLI;0,2908;M;U;
Cuba;;0,5610;M;U;
Cyprus;;0,0034;M;U;
Cyprus - Fixed - Others;;0,0291;M;U;
Cyprus - Mobile - Cytamobile - Vodafone;CLI;0,0123;M;U;
Cyprus - Mobile - Lemontel;CLI;0,0476;M;U;
Cyprus - Mobile - MTN;CLI;0,0123;M;U;
Cyprus - Mobile - Primetel;CLI;0,0319;M;U;
Cyprus - NGN;;0,0995;M;U;
Czech Republic;CLI;0,0167;M;U;
Czech Republic - Mobile - O2;CLI;0,0548;M;U;
Czech Republic - Mobile - Other;CLI;0,0548;M;U;
Czech Republic - Mobile - T-Mobile;CLI;0,0548;M;U;
Czech Republic - Mobile - VODAFONE;CLI;0,0548;M;U;
Denmark;CLI;0,0050;M;U;
Denmark - Mobile - Barablu;CLI;0,0105;M;U;
Denmark - Mobile - H3G;CLI;0,0105;M;U;
Denmark - Mobile - Lycamobile;CLI;0,0105;M;U;
Denmark - Mobile - Other;CLI;0,0105;M;U;
Denmark - Mobile - TDC;CLI;0,0105;M;U;
Denmark - Mobile - Telenor;CLI;0,0105;M;U;
Denmark - Mobile - Telia;CLI;0,0105;M;U;
Diego Garcia;;0,9620;M;I;
Djibouti;;0,2600;M;U;
Dominica;;0,1550;M;U;
Dominica - Mobile - Digicel;CLI;0,1420;M;U;
Dominica - Mobile - Other;CLI;0,1850;M;U;
Dominica - Premium Services;;0,6300;M;U;
Dominican Republic;;0,0144;M;U;
Dominican Republic - Mobile - Orange;CLI;0,0530;M;U;
Dominican Republic - Mobile - Tricom;CLI;0,0530;M;U;
Dominican Republic - Mobile - VIVA;CLI;0,0660;M;U;
Dominican Republic - Mobile - Verizon;CLI;0,0530;M;U;
Dominican Republic - Santiago;;0,0140;M;U;
Dominican Republic - Santo Domingo;;0,0140;M;U;
Dominican Republic - VIVA;;0,0186;M;U;
East Timor;;0,3060;M;U;
Ecuador;;0,0999;M;U;
Ecuador - CNT Fixed;;0,0999;M;U;
Ecuador - Cuenca - Etapa;;0,0959;M;U;
Ecuador - Mobile;;0,1530;M;U;
Ecuador - Mobile - Alegro;CLI;0,1695;M;U;
Ecuador - Mobile - Movistar;CLI;0,1530;M;U;
Ecuador - Mobile - Porta;CLI;0,1679;M;U;
Egypt;;0,0668;M;U;
Egypt - Cairo;;0,0668;M;U;
Egypt - Mobile - Etisalat;CLI;0,0940;M;U;
Egypt - Mobile - Mobinil;CLI;0,0860;M;U;
Egypt - Mobile - Vodafone;CLI;0,0940;M;U;
El Salvador;;0,1230;M;D;
El Salvador - CTE Telecom;;0,0652;M;D;
El Salvador - Digicel fixed;;0,1790;M;U;
El Salvador - GCA Fixed;;0,1653;M;U;
El Salvador - Mobile - Digicel SA;;0,1000;M;D;
El Salvador - Mobile - Personal;;0,1046;M;U;
El Salvador - Mobile - Telefonica;CLI;0,1238;M;D;
El Salvador - Mobile - Telemovil;CLI;0,1170;M;U;
El Salvador - On-net Fixed;;0,1120;M;U;
El Salvador - Personal - Fix;;0,1043;M;U;
El Salvador - Telefonica - Fix;;0,1269;M;U;
El Salvador - Telemovil - Fix;;0,1230;M;U;
Equatorial Guinea;;0,3525;M;I;
Equatorial Guinea - Mobile;;0,3525;M;I;
Equatorial Guinea - Mobile - Green;;0,3525;M;I;
Eritrea;;0,1860;M;U;
Eritrea - Mobile;;0,1860;M;U;
Estonia;;0,0084;M;U;
Estonia - E-Fax Services;;0,3987;M;U;
Estonia - Mobile - EMT;CLI;0,2813;M;U;
Estonia - Mobile - Elisa;CLI;0,2813;M;U;
Estonia - Mobile - Tele2;CLI;0,2813;M;U;
Estonia - Mobile - Televito;;0,2801;M;U;
Estonia - Mobile - Top Connect;CLI;0,2813;M;U;
Estonia - Personal Numbering;;0,3586;M;U;
Ethiopia;;0,1900;M;U;
Ethiopia - Addis Ababa;;0,1900;M;U;
Ethiopia - Mobile - Addis Ababa;CLI;0,1890;M;U;
Ethiopia - Mobile - Other;CLI;0,1890;M;U;
Falkland Islands;;1,4100;M;U;
Faroe Islands;;0,0112;M;U;
Faroe Islands - Mobile;CLI;0,0224;M;U;
Fiji Island;;0,2075;M;U;
Fiji Island - Mobile;CLI;0,2075;M;U;
Finland;CLI;0,0336;M;U;
Finland - Corporate Service;;0,0336;M;U;
Finland - Helsinki;CLI;0,0336;M;U;
Finland - Mobile - Elisa;CLI;0,0155;M;U;
Finland - Mobile - Finnet;CLI;0,0155;M;U;
Finland - Mobile - Other;CLI;0,0155;M;U;
Finland - Mobile - Sonera;CLI;0,0155;M;U;
Finland - Portable Numbers;;0,0336;M;U;
France;CLI;0,0055;M;U;
France - Mobile;CLI;0,0515;M;U;
France - Mobile - Bouygues;CLI;0,0515;M;U;
France - Mobile - Free;CLI;0,0515;M;U;
France - Mobile - Globalstar;CLI;0,2857;M;U;
France - Mobile - Lycamobile;CLI;0,0515;M;U;
France - Mobile - Orange;CLI;0,0515;M;U;
France - Mobile - SFR;CLI;0,0515;M;U;
France - OLO;CLI;0,0050;M;U;
France - VAS;;0,2241;M;U;
French Guiana;;0,0122;M;U;
French Guiana - Mobile;;0,0731;M;U;
French Guiana - Mobile - Digicel;;0,0410;M;U;
French Guiana - Mobile - Orange;;0,0510;M;U;
French Polynesia;;0,1800;M;U;
French Polynesia - Mobile;;0,1900;M;U;
Gabon Republic;;0,3171;M;U;
Gabon Republic - Mobile - Airtel;;0,3455;M;I;
Gabon Republic - Mobile - Azur;;0,4020;M;U;
Gabon Republic - Mobile - Liberties;;0,3171;M;U;
Gambia;;0,5650;M;U;
Gambia - Mobile - Africell;CLI;0,5500;M;U;
Gambia - Mobile - Comium;CLI;0,5490;M;U;
Gambia - Mobile - Gamcel;CLI;0,5490;M;U;
Gambia - Mobile - Q-Cell;CLI;0,5490;M;U;
Georgia;;0,1240;M;D;
Georgia - Abkhazia;;0,1490;M;I;
Georgia - Fixed Magticom;;0,1240;M;D;
Georgia - Mobile - Geocell;CLI;0,2580;M;U;
Georgia - Mobile - Magticom;CLI;0,2580;M;U;
Georgia - Mobile - Mobitel;CLI;0,2580;M;U;
Georgia - Mobile - Other;;0,2300;M;U;
Georgia - Mobile - SilkNet;CLI;0,2320;M;U;
Georgia - Personal Number;;0,5020;M;U;
Georgia - Tbilisi;;0,1240;M;D;
Germany;CLI;0,0028;M;U;
Germany - Civil Service;;0,2246;M;U;
Germany - Mobile;CLI;0,0130;M;U;
Germany - Mobile - Eplus;CLI;0,0130;M;U;
Germany - Mobile - Lycamobile;CLI;0,0130;M;U;
Germany - Mobile - O2;CLI;0,0130;M;U;
Germany - Mobile - T-Mobile;CLI;0,0130;M;U;
Germany - Mobile - Telogic;CLI;0,0130;M;U;
Germany - Mobile - Vodafone;CLI;0,0130;M;U;
Germany - Shared Cost;;0,0028;M;U;
Ghana;;0,2020;M;U;
Ghana - Accra;;0,2020;M;U;
Ghana - Mobile - Airtel;CLI;0,2070;M;U;
Ghana - Mobile - Expresso;CLI;0,2140;M;U;
Ghana - Mobile - Globacom;CLI;0,1650;M;U;
Ghana - Mobile - MTN;CLI;0,2080;M;U;
Ghana - Mobile - Tigo;CLI;0,2100;M;U;
Ghana - Mobile - Vodafone;CLI;0,2000;M;U;
Gibraltar;;0,0258;M;U;
Gibraltar - Mobile;;0,1143;M;U;
Greece;CLI;0,0291;M;U;
Greece - Athens;CLI;0,0291;M;U;
Greece - Mobile - Cosmote;CLI;0,0650;M;U;
Greece - Mobile - Vodafone;CLI;0,0571;M;U;
Greece - Mobile - Wind;CLI;0,0650;M;U;
Greenland;;0,2189;M;U;
Greenland - Mobile;CLI;0,3261;M;U;
Grenada;;0,1560;M;U;
Grenada - Mobile - AisleCom;CLI;0,1800;M;U;
Grenada - Mobile - Digicel;CLI;0,1759;M;U;
Grenada - Mobile - Other;CLI;0,1770;M;U;
Guadeloupe;;0,0120;M;D;
Guadeloupe - Mobile;CLI;0,0503;M;I;
Guadeloupe - Mobile - Digicel;CLI;0,0255;M;U;
Guadeloupe - Mobile - Orange;CLI;0,0502;M;U;
Guam;;0,0135;M;U;
Guatemala;;0,1200;M;I;
Guatemala - ATEL;;0,1150;M;U;
Guatemala - CNet - Fixed;;0,1050;M;U;
Guatemala - Mobile - Comcel;CLI;0,1068;M;U;
Guatemala - Mobile - PCS;CLI;0,0834;M;U;
Guatemala - Mobile - Telefonica;CLI;0,1070;M;D;
Guatemala - On Net;;0,1034;M;U;
Guatemala - Rural Telephony;;0,0985;M;U;
Guatemala - Telgua - Fixed;;0,0580;M;U;
Guinea;;0,3450;M;U;
Guinea - Mobile - Cellcom;;0,2911;M;U;
Guinea - Mobile - Gamma;;0,3800;M;U;
Guinea - Mobile - Intercel;;0,3650;M;U;
Guinea - Mobile - MTN;;0,2950;M;D;
Guinea - Mobile - Orange;;0,3476;M;D;
Guinea - Mobile - Sotelgui;;0,3160;M;U;
Guinea - Mobile - VDC;;0,3800;M;U;
Guinea Bissau;;0,2610;M;U;
Guinea Bissau - Harry Group;;0,4050;M;U;
Guinea Bissau - Mobile - Guinetel;;0,2540;M;U;
Guinea Bissau - Mobile - MTN;;0,4200;M;U;
Guinea Bissau - Mobile - Orange;;0,3630;M;I;
Guinea Bissau - Premium Rate Services;;0,3500;M;U;
Guinea Bissau - Special Services;;0,3200;M;U;
Guyana;;0,1810;M;U;
Guyana - Mobile - Digicel;;0,0855;M;U;
Guyana - Mobile - Other;;0,1853;M;U;
Haiti;;0,2458;M;U;
Haiti - Mobile - Digicel;CLI;0,2320;M;U;
Haiti - Mobile - Natcom;CLI;0,1730;M;U;
Haiti - Mobile - Rectel;;0,2499;M;U;
Honduras;;0,0972;M;U;
Honduras - Mobile - Celtel;CLI;0,1322;M;U;
Honduras - Mobile - Claro;;0,1054;M;U;
Honduras - Mobile - Digicel;;0,1055;M;U;
Honduras - Mobile - Hondutel;;0,0999;M;U;
Honduras - San Pedro;;0,0975;M;U;
Honduras - Tegucigalpa;;0,0975;M;U;
Hong Kong;;0,0109;M;U;
Hong Kong - Mobile;CLI;0,0175;M;U;
Hungary;CLI;0,0026;M;U;
Hungary - Budapest;CLI;0,0026;M;U;
Hungary - Mobile - T-Mobile;CLI;0,0290;M;U;
Hungary - Mobile - Telenor;CLI;0,0447;M;U;
Hungary - Mobile - Tesco;CLI;0,0560;M;U;
Hungary - Mobile - Vodafone;CLI;0,0447;M;U;
Iceland;;0,0067;M;U;
Iceland - Mobile - IMC;CLI;0,0145;M;U;
Iceland - Mobile - Other;CLI;0,0145;M;U;
Iceland - Mobile - Telecom;CLI;0,0145;M;U;
Iceland - Mobile - Vodafone;CLI;0,0145;M;U;
India;;0,0225;M;U;
India - Cities;;0,0225;M;U;
India - Mobile - Airtel;CLI;0,0195;M;U;
India - Mobile - BSNL;CLI;0,0195;M;U;
India - Mobile - Other;CLI;0,0195;M;U;
India - Mobile - Privately Run;CLI;0,0195;M;U;
India - Mobile - Vodafone;CLI;0,0195;M;U;
India - States;;0,0225;M;U;
Indonesia;;0,0468;M;U;
Indonesia - Jakarta;;0,0180;M;U;
Indonesia - Major Cities;;0,0250;M;U;
Indonesia - Mobile;CLI;0,0310;M;U;
Indonesia - Mobile - Indosat;CLI;0,0310;M;U;
Indonesia - Mobile - Telkomsel;CLI;0,0310;M;U;
Indonesia - Mobile - XL;CLI;0,0310;M;U;
Indonesia - Surabaya;;0,0180;M;U;
Inmarsat;;4,9220;M;U;
Inmarsat - Aero;;3,2900;M;U;
Inmarsat - B;;1,3080;M;U;
Inmarsat - B HSD;;6,3500;M;U;
Inmarsat - BGAN;;2,7900;M;U;
Inmarsat - BGAN HSD;;4,6000;M;U;
Inmarsat - GAN/Fleet/Swift64 HSD;;5,0500;M;U;
Inmarsat - M;;1,0900;M;U;
Inmarsat - Mini-M/GAN/Fleet/Swift64;;0,9200;M;U;
Iran;;0,1470;M;U;
Iran - Mobile;CLI;0,1470;M;U;
Iran - Mobile - MCI;CLI;0,1470;M;U;
Iran - Tehran;;0,1470;M;U;
Iraq;;0,1115;M;U;
Iraq - Baghdad;;0,1115;M;U;
Iraq - Fixed Other;;0,1190;M;U;
Iraq - Mobile;;0,1720;M;U;
Iraq - Mobile - AsiaCell;CLI;0,1700;M;U;
Iraq - Mobile - Itisaluna;CLI;0,0318;M;U;
Iraq - Mobile - Korek;CLI;0,1600;M;U;
Iraq - Mobile - Zain;CLI;0,1695;M;U;
Iraq - Mosul;;0,1120;M;U;
Ireland;CLI;0,0040;M;U;
Ireland - Dublin;CLI;0,0040;M;U;
Ireland - Mobile;CLI;0,0297;M;U;
Ireland - Mobile - H3G;CLI;0,0096;M;U;
Ireland - Mobile - Meteor;CLI;0,0096;M;U;
Ireland - Mobile - O2;CLI;0,0096;M;U;
Ireland - Mobile - Tesco;CLI;0,0297;M;U;
Ireland - Mobile - Vodafone;CLI;0,0096;M;U;
Ireland - Universal Access;;0,2208;M;U;
Ireland - VOIP;;0,0633;M;U;
Iridium;;3,3600;M;U;
Iridium - Fixed;;3,6600;M;U;
Iridium - Globalstar;;2,5000;M;U;
Israel;;0,0026;M;U;
Israel - Mobile;;0,0180;M;U;
Israel - Mobile - Palestine Region;CLI;0,1440;M;U;
Israel - Palestine Region;;0,1250;M;U;
Italy;CLI;0,0025;M;U;
Italy - Mobile;CLI;0,0753;M;U;
Italy - Mobile - H3G;CLI;0,2051;M;U;
Italy - Mobile - Kena;CLI;0,1950;M;U;
Italy - Mobile - Lycamobile;CLI;0,2073;M;U;
Italy - Mobile - Other;CLI;0,0783;M;U;
Italy - Mobile - Poste;CLI;0,0783;M;U;
Italy - Mobile - Telecom Italia;CLI;0,1916;M;U;
Italy - Mobile - Vodafone;CLI;0,0783;M;U;
Italy - Mobile - Wind;CLI;0,2039;M;U;
Ivory Coast;;0,2488;M;U;
Ivory Coast - Abidjan;;0,2488;M;U;
Ivory Coast - Mobile - Aircomm;;0,1345;M;U;
Ivory Coast - Mobile - MTN;CLI;0,2740;M;U;
Ivory Coast - Mobile - Moov;CLI;0,2661;M;U;
Ivory Coast - Mobile - Orange;CLI;0,2967;M;U;
Ivory Coast - Mobile - Oricell;CLI;0,1922;M;U;
Ivory Coast - Premium Rate Services;;0,6051;M;U;
Ivory Coast - Special Services;;0,7844;M;U;
Jamaica;;0,1870;M;U;
Jamaica - Mobile - CW;CLI;0,1595;M;U;
Jamaica - Mobile - Digicel;CLI;0,1830;M;I;
Japan;CLI;0,0120;M;U;
Japan - Mobile;CLI;0,0395;M;U;
Japan - Tokyo;CLI;0,0120;M;U;
Japan - VOIP;;0,0230;M;U;
Jordan;;0,1250;M;U;
Jordan - Amman;;0,1255;M;U;
Jordan - Mobile - Friendi;CLI;0,1460;M;U;
Jordan - Mobile - Orange;CLI;0,1460;M;U;
Jordan - Mobile - Umniah;CLI;0,1460;M;U;
Jordan - Mobile - Zain;CLI;0,1460;M;U;
Kazakhstan;;0,0329;M;U;
Kazakhstan - Almaty;;0,0329;M;U;
Kazakhstan - Alternative Networks;;0,0530;M;U;
Kazakhstan - Astana;;0,0329;M;U;
Kazakhstan - Karaganda;;0,0329;M;U;
Kazakhstan - Mobile - Altel;;0,1930;M;U;
Kazakhstan - Mobile - KarTel;CLI;0,0610;M;D;
Kazakhstan - Mobile - Kcell;CLI;0,0575;M;U;
Kazakhstan - Mobile - MobileTel;CLI;0,1930;M;U;
Kazakhstan - Pavlodar;;0,0329;M;U;
Kenya;;0,1520;M;U;
Kenya - Mobile;CLI;0,1250;M;U;
Kenya - Mobile - Airtel;CLI;0,1975;M;U;
Kenya - Mobile - Orange;CLI;0,1615;M;U;
Kenya - Mobile - Safaricom;CLI;0,0980;M;U;
Kenya - Nairobi;;0,1505;M;U;
Kiribati;;1,2800;M;U;
Korea (North);;0,3320;M;U;
Korea (South);;0,0070;M;U;
Korea (South) - Mobile;CLI;0,0115;M;U;
Korea (South) - Mobile - KTF;CLI;0,0115;M;U;
Korea (South) - Mobile - LGT;CLI;0,0115;M;U;
Korea (South) - Mobile - SK;CLI;0,0115;M;U;
Kosovo;;0,1279;M;U;
Kosovo - Mobile;;0,4035;M;U;
Kuwait;;0,0350;M;U;
Kuwait - Mobile - Viva;CLI;0,0350;M;U;
Kuwait - Mobile - Wataniya;CLI;0,0350;M;U;
Kuwait - Mobile - Zain;CLI;0,0350;M;U;
Kyrgyzstan;;0,1020;M;U;
Kyrgyzstan - Bishkek;;0,0820;M;U;
Kyrgyzstan - Mobile - Bimokom;;0,1490;M;U;
Kyrgyzstan - Mobile - Nur Telecom;;0,1530;M;U;
Kyrgyzstan - Mobile - Other;;0,1120;M;U;
Kyrgyzstan - Mobile - Seven Mobile;;0,0660;M;U;
Kyrgyzstan - Mobile - Sky mobile GSM;;0,1475;M;U;
Laos;;0,0610;M;U;
Latvia;;0,1065;M;U;
Latvia - Fixed - OLO1;;0,1563;M;U;
Latvia - Mobile - Baltija;CLI;0,2208;M;U;
Latvia - Mobile - Bite;CLI;0,2701;M;U;
Latvia - Mobile - CSC;CLI;0,3362;M;U;
Latvia - Mobile - Camel;CLI;0,2577;M;U;
Latvia - Mobile - IMX;;0,3922;M;U;
Latvia - Mobile - LMT;CLI;0,2252;M;U;
Latvia - Mobile - Others;CLI;0,4034;M;U;
Latvia - Mobile - Tele2;CLI;0,2633;M;U;
Latvia - Others2;;0,4034;M;U;
Latvia - Services 1;;0,3474;M;U;
Latvia - Services 2;;0,4034;M;U;
Lebanon;;0,0695;M;U;
Lebanon - Mobile;CLI;0,1365;M;U;
Lesotho;;0,3100;M;U;
Lesotho - Mobile;;0,3100;M;U;
Liberia;;0,3110;M;U;
Liberia - Mobile - AW LiberCell;;0,2850;M;U;
Liberia - Mobile - Celcom;;0,2800;M;U;
Liberia - Mobile - MTN;;0,3020;M;U;
Liberia - Mobile - Novafone;;0,3340;M;U;
Liberia - Mobile - Telelinks;;0,2900;M;U;
Liberia - Premium Service Telemedia;;0,3300;M;U;
Liberia - Wasscom;;0,3600;M;U;
Libya;;0,1989;M;U;
Libya - Mobile;CLI;0,2673;M;U;
Liechtenstein;;0,0594;M;U;
Liechtenstein - Mobile - Mobilkom;;0,0874;M;U;
Liechtenstein - Mobile - Orange;;0,0874;M;U;
Liechtenstein - Mobile - Other;;0,0874;M;U;
Liechtenstein - Mobile - Swisscom FL;;0,0874;M;U;
Lithuania;;0,1115;M;U;
Lithuania - Mobile;CLI;0,5043;M;U;
Lithuania - Mobile - Bite GSM;CLI;0,2818;M;U;
Lithuania - Mobile - Omnitel;CLI;0,2818;M;U;
Lithuania - Mobile - Tele2;CLI;0,2818;M;U;
Lithuania - Mobile - Vortumo;;0,3944;M;U;
Lithuania - Personal;;0,4045;M;U;
Lithuania - Premium Services;;0,9525;M;U;
Luxembourg;CLI;0,0064;M;U;
Luxembourg - Mobile - E- LUX;CLI;0,0151;M;U;
Luxembourg - Mobile - Join;CLI;0,0151;M;U;
Luxembourg - Mobile - Orange;CLI;0,0151;M;U;
Luxembourg - Mobile - P&T LuxGSM;CLI;0,0151;M;U;
Luxembourg - Mobile - Tango;CLI;0,0151;M;U;
Luxembourg - NGN;;0,3485;M;U;
Macau;;0,0730;M;U;
Macau - Mobile;;0,0730;M;U;
Macedonia;;0,1143;M;U;
Macedonia - Cosmofon Fixed;;0,1154;M;U;
Macedonia - Mobile - Cosmofon;CLI;0,2801;M;U;
Macedonia - Mobile - Lycamobile;CLI;0,2936;M;U;
Macedonia - Mobile - T-Mobile;CLI;0,2801;M;U;
Macedonia - Mobile - VIP Operator;CLI;0,2801;M;U;
Madagascar;;0,4500;M;U;
Madagascar - Gulfsat;;0,6770;M;U;
Madagascar - Mobile;;0,4730;M;U;
Madagascar - Mobile - Airtel;CLI;0,4645;M;U;
Madagascar - Mobile - Blueline;;0,4650;M;U;
Madagascar - Mobile - Orange;CLI;0,5230;M;U;
Madagascar - Mobile - Telma;CLI;0,4500;M;U;
Malawi;;0,2560;M;U;
Malawi - Mobile;CLI;0,2720;M;U;
Malawi - Mobile - Airtel;CLI;0,3000;M;U;
Malaysia;;0,0175;M;U;
Malaysia - Mobile;CLI;0,0175;M;U;
Malaysia - Mobile - Celcom;CLI;0,0175;M;U;
Malaysia - Mobile - Digi;CLI;0,0175;M;U;
Malaysia - Mobile - Maxis;CLI;0,0175;M;U;
Maldives;;0,6500;M;U;
Maldives - Mobile - Dhiraagu;;0,6500;M;U;
Maldives - Mobile - Wataniya;;0,6800;M;U;
Maldives - Premium Rate;;0,6800;M;U;
Maldives - Premium Rate Telemedia;;0,6800;M;U;
Mali;;0,1569;M;U;
Mali - Bamako;;0,1569;M;U;
Mali - Mobile - Malitel;CLI;0,3048;M;U;
Mali - Mobile - Orange;CLI;0,3036;M;U;
Malta;;0,0021;M;U;
Malta - Mobile - 3G;CLI;0,0078;M;U;
Malta - Mobile - Go Mobile;CLI;0,0078;M;U;
Malta - Mobile - Vodafone;CLI;0,0078;M;U;
Mariana Island;;0,0300;M;U;
Marshall Islands;;0,1990;M;U;
Martinique - Fr. Antilles;;0,0115;M;D;
Martinique - Fr. Antilles - Mobile;CLI;0,0503;M;I;
Martinique - Fr. Antilles - Mobile - Digicel;CLI;0,0300;M;I;
Martinique - Fr. Antilles - Mobile - Orange;CLI;0,0630;M;D;
Mauritania;;0,4172;M;U;
Mauritania - Chinguitel Fixed;;0,4175;M;U;
Mauritania - Mobile - Chinguitel;CLI;0,4175;M;U;
Mauritania - Mobile - Mattel;CLI;0,5043;M;U;
Mauritania - Mobile - Mauritel;CLI;0,4172;M;U;
Mauritius;;0,0620;M;U;
Mauritius - Mobile;CLI;0,0620;M;U;
Mauritius - Rodrigues;;0,0620;M;U;
Mexico;;0,0050;M;U;
Mexico - EA;;0,0004;M;U;
Mexico - Mobile;;0,0106;M;U;
Mexico - Mobile - Iusacell 1;CLI;0,0077;M;U;
Mexico - Mobile - Iusacell 2;CLI;0,0080;M;U;
Mexico - Mobile - Movistar 1;CLI;0,0107;M;U;
Mexico - Mobile - Movistar 2;CLI;0,0107;M;U;
Mexico - Mobile - Movistar 3;CLI;0,0107;M;U;
Mexico - Mobile - Nextel;CLI;0,0362;M;U;
Mexico - Mobile - Telcel - EA;CLI;0,0013;M;U;
Mexico - Mobile - Telcel - Triangle;CLI;0,0015;M;U;
Mexico - NEA;;0,0004;M;U;
Mexico - Triangle - Guadalajara;;0,0004;M;U;
Mexico - Triangle - Mexico City;;0,0004;M;U;
Mexico - Triangle - Monterrey;;0,0004;M;U;
Micronesia;;0,4500;M;U;
Moldova;;0,2450;M;U;
Moldova - Mobile - Moldcell;CLI;0,2185;M;U;
Moldova - Mobile - Moldtelecom;CLI;0,2220;M;U;
Moldova - Mobile - Orange;CLI;0,1790;M;U;
Moldova - Mobile - Transnistria;CLI;0,1930;M;U;
Moldova - Non Geographical;;0,2810;M;U;
Moldova - Transnistria;;0,1630;M;U;
Monaco;;0,0514;M;U;
Monaco - Kosovo Mobile;CLI;0,3379;M;U;
Monaco - Mobile;CLI;0,2258;M;U;
Mongolia;;0,0140;M;U;
Mongolia - Mobile;;0,0140;M;U;
Montenegro;;0,1277;M;U;
Montenegro - Mobile - MTEL;CLI;0,3026;M;U;
Montenegro - Mobile - ProMonte;CLI;0,3159;M;U;
Montenegro - Mobile - T-Mobile;CLI;0,2723;M;U;
Montserrat;;0,1920;M;U;
Morocco;CLI;0,0117;M;U;
Morocco - Connect Limited Mobility Services(WANA);CLI;0,2241;M;U;
Morocco - Fixed Meditel;CLI;0,1681;M;U;
Morocco - Mobile - Globalstar;;0,5636;M;U;
Morocco - Mobile - Itissalat;CLI;0,2796;M;U;
Morocco - Mobile - Orange;CLI;0,2902;M;U;
Morocco - Mobile - WANA;CLI;0,3876;M;U;
Morocco - WANA;CLI;0,0713;M;U;
Mozambique;;0,0380;M;U;
Mozambique - Mobile - MCell;CLI;0,1120;M;U;
Mozambique - Mobile - Movitel;;0,1850;M;U;
Mozambique - Mobile - Vodacom;CLI;0,2520;M;U;
Myanmar;;0,1200;M;U;
Myanmar - Mobile;;0,1220;M;U;
Myanmar - Mobile - Ooredoo;;0,2220;M;U;
Myanmar - Mobile - Telenor;;0,2220;M;U;
Namibia;;0,0305;M;U;
Namibia - Mobile - LEO;CLI;0,0500;M;U;
Namibia - Mobile - MTC;CLI;0,0500;M;U;
Nauru;;1,8000;M;U;
Nepal;;0,0810;M;U;
Nepal - Kathmandu;;0,0810;M;U;
Nepal - Mobile - NTC;CLI;0,0795;M;U;
Nepal - Mobile - Smart;;0,0820;M;U;
Nepal - Mobile - Spice;CLI;0,1100;M;U;
Netherlands;CLI;0,2281;M;U;
Netherlands - Mobile - KPN;CLI;0,2467;M;U;
Netherlands - Mobile - Lycamobile;CLI;0,2498;M;U;
Netherlands - Mobile - Other;CLI;0,2498;M;U;
Netherlands - Mobile - T-Mobile;CLI;0,2467;M;U;
Netherlands - Mobile - Tele 2;CLI;0,2467;M;U;
Netherlands - Mobile - Telfort;CLI;0,2467;M;U;
Netherlands - Mobile - Vodafone;CLI;0,2467;M;U;
Netherlands Antilles;;0,0970;M;U;
Netherlands Antilles - Bonaire;;0,0670;M;U;
Netherlands Antilles - Curacao;;0,0280;M;U;
Netherlands Antilles - Curacao - PRS;;0,5500;M;U;
Netherlands Antilles - Curacao - PRS2;;0,8800;M;U;
Netherlands Antilles - Curacao - PRS3;;1,1000;M;U;
Netherlands Antilles - Mobile - Bonaire;CLI;0,0920;M;U;
Netherlands Antilles - Mobile - Bonaire - Digicel;CLI;0,0919;M;U;
Netherlands Antilles - Mobile - Curacao;CLI;0,0919;M;U;
Netherlands Antilles - Mobile - Curacao - Digicel;CLI;0,0920;M;U;
Netherlands Antilles - Mobile - Saba;CLI;0,0920;M;U;
Netherlands Antilles - Mobile-St.Eustatius;CLI;0,0890;M;U;
Netherlands Antilles - Saba;;0,0920;M;U;
Netherlands Antilles - St. Eustatius;;0,0920;M;U;
Nevis & St. Kitts;;0,1550;M;U;
Nevis & St. Kitts - Mobile - Digicel;CLI;0,1720;M;U;
Nevis & St. Kitts - Mobile - Other;CLI;0,1855;M;U;
New Caledonia;;0,5000;M;U;
New Caledonia - Mobile;;0,5000;M;U;
New Zealand;;0,0090;M;U;
New Zealand - Mobile;CLI;0,0280;M;U;
Nicaragua;;0,0980;M;U;
Nicaragua - Mobile - Claro;CLI;0,1919;M;U;
Nicaragua - Mobile - Movistar;CLI;0,1980;M;D;
Nicaragua - Mobile - Xinwei;;0,2218;M;U;
Niger;;0,2633;M;U;
Niger - Mobile - Airtel;CLI;0,2555;M;U;
Niger - Mobile - Moov;CLI;0,2555;M;U;
Niger - Mobile - Orange;CLI;0,2555;M;U;
Niger - Mobile - Sahelcom;CLI;0,2555;M;U;
Nigeria;;0,0790;M;U;
Nigeria - Globacom;CLI;0,0790;M;U;
Nigeria - Lagos;;0,0790;M;U;
Nigeria - Mobile - Airtel;CLI;0,0775;M;U;
Nigeria - Mobile - Etisalat;CLI;0,0800;M;U;
Nigeria - Mobile - Globacom;CLI;0,0790;M;U;
Nigeria - Mobile - MTN;CLI;0,0750;M;U;
Nigeria - Mobile - Ntel;;0,0820;M;U;
Nigeria - Mobile - Smile;;0,1020;M;U;
Nigeria - Multilinks;;0,0790;M;U;
Nigeria - Starcomms;;0,0790;M;U;
Nigeria - Visafone;CLI;0,0790;M;U;
Niue;;3,1000;M;U;
Niue - Mobile;;3,1000;M;U;
Norfolk Island;;1,0950;M;U;
Norway;CLI;0,0017;M;U;
Norway - Mobile;CLI;0,0104;M;U;
Norway - Mobile - Netcom;CLI;0,0104;M;U;
Norway - Mobile - Tele2;CLI;0,0104;M;U;
Norway - Mobile - Telenor;CLI;0,0104;M;U;
Norway - Special Services;;0,0740;M;U;
Oman;;0,0868;M;U;
Oman - Mobile;CLI;0,2320;M;U;
Oman - Mobile - Ooredoo;CLI;0,2320;M;U;
Pakistan;;0,0340;M;U;
Pakistan - Mobile;CLI;0,0350;M;U;
Pakistan - Mobile - Mobilink;CLI;0,0350;M;U;
Pakistan - Mobile - Telenor;CLI;0,0104;M;U;
Pakistan - Mobile - Ufone;CLI;0,0350;M;U;
Pakistan - Mobile - Warid;CLI;0,0350;M;U;
Pakistan - Mobile - Zong;CLI;0,0370;M;U;
Palau;;0,2550;M;U;
Palau - Mobile;;0,3245;M;U;
Palestine;;0,1255;M;U;
Palestine - Mobile;CLI;0,1438;M;U;
Panama;;0,0136;M;U;
Panama - Colon;;0,0136;M;U;
Panama - Mobile;;0,0957;M;I;
Panama - Mobile - Digicel;;0,0913;M;I;
Panama - Mobile - Movistar;;0,0910;M;I;
Panama - Panama City;;0,0136;M;U;
Papua New Guinea;;0,5100;M;U;
Papua New Guinea - Mobile;;0,8300;M;U;
Papua New Guinea - Mobile - Digicel;;1,5000;M;U;
Paraguay;;0,0199;M;U;
Paraguay - Asuncion;;0,0199;M;U;
Paraguay - Mobile;;0,0575;M;U;
Paraguay - Mobile - CTI;;0,0319;M;U;
Paraguay - Mobile - Personal;;0,0119;M;U;
Paraguay - Mobile - Tigo;;0,0339;M;U;
Paraguay - Mobile - Vox;;0,0575;M;U;
Peru;;0,0055;M;U;
Peru - Lima;;0,0025;M;U;
Peru - Mobile;CLI;0,0599;M;U;
Peru - Mobile - Claro;CLI;0,0180;M;U;
Peru - Mobile - Telefonica;CLI;0,0190;M;U;
Peru - Rural;;0,2550;M;U;
Philippines;;0,0850;M;U;
Philippines - Globe;;0,0720;M;U;
Philippines - Mobile;;0,1210;M;U;
Philippines - Mobile - Globe;CLI;0,0990;M;U;
Philippines - Mobile - Smart;CLI;0,1070;M;U;
Poland;CLI;0,0076;M;U;
Poland - Mobile - Centernet;CLI;0,1020;M;U;
Poland - Mobile - Orange Centertel;CLI;0,0762;M;U;
Poland - Mobile - Other;CLI;0,1020;M;U;
Poland - Mobile - PLUS;CLI;0,0762;M;U;
Poland - Mobile - Play (P4);CLI;0,0605;M;U;
Poland - Mobile - T-Mobile;CLI;0,0992;M;U;
Portugal;CLI;0,0186;M;U;
Portugal - Mobile - MEO;CLI;0,0700;M;U;
Portugal - Mobile - NOS;CLI;0,0700;M;U;
Portugal - Mobile - Vodafone;CLI;0,3978;M;U;
Puerto Rico;;0,0045;M;U;
Qatar;;0,1330;M;U;
Qatar - Mobile;CLI;0,1330;M;U;
Qatar - Mobile - Vodafone;CLI;0,1330;M;U;
Reunion Island;;0,0250;M;U;
Reunion Island - Mobile;;0,0625;M;U;
Romania;CLI;0,0022;M;U;
Romania - Bucharest;CLI;0,0019;M;U;
Romania - Directory Assistance;;0,2354;M;U;
Romania - Local Other Operators;;0,0022;M;U;
Romania - Mobile - Cosmote;CLI;0,0117;M;U;
Romania - Mobile - Digimobil;CLI;0,0117;M;U;
Romania - Mobile - Lycamobile;CLI;0,0129;M;U;
Romania - Mobile - Orange;CLI;0,0117;M;U;
Romania - Mobile - Romtelecom;CLI;0,0129;M;U;
Romania - Mobile - Telemobil;CLI;0,0129;M;U;
Romania - Mobile - Vodafone;CLI;0,0117;M;U;
Romania - Special Services;;0,3231;M;U;
Russia;;0,0240;M;U;
Russia - Abkhazia;;0,1730;M;U;
Russia - Chelyabinsk;;0,0088;M;U;
Russia - Ekaterinburg;;0,0079;M;U;
Russia - GlobalTel;;1,6771;M;U;
Russia - Iridium;;6,5000;M;U;
Russia - Irkutsk;;0,0130;M;U;
Russia - Krasnoyarsk;;0,0195;M;U;
Russia - Mobile - Abkhazia - A Mobile;CLI;0,1960;M;U;
Russia - Mobile - Abkhazia - Aquafon;CLI;0,1850;M;U;
Russia - Mobile - Beeline;CLI;0,1330;M;D;
Russia - Mobile - MTS;CLI;0,1220;M;U;
Russia - Mobile - Megafon;CLI;0,1470;M;D;
Russia - Mobile - Others;CLI;0,0600;M;U;
Russia - Moscow;;0,0085;M;U;
Russia - Nizhny Novgorod;;0,0170;M;U;
Russia - Novosibirsk;;0,0155;M;U;
Russia - Omsk;;0,0165;M;U;
Russia - St. Petersburg;;0,0087;M;U;
Russia - Voronezh;;0,0165;M;U;
Russia - Zone 1;;0,0165;M;U;
Russia - Zone 2;;0,0170;M;U;
Russia - Zone 3;;0,0255;M;U;
Russia - Zone 4;;0,0230;M;U;
Russia - Zone 5;;0,0230;M;U;
Rwanda;;0,2930;M;U;
Rwanda - Mobile - MTN;CLI;0,2230;M;U;
Rwanda - Mobile - Other;CLI;0,2220;M;U;
San Marino;;0,1451;M;U;
San Marino - Conference Services;;0,8853;M;U;
San Marino - Mobile;;0,3059;M;U;
Sao Tome;;0,9245;M;U;
Saudi Arabia;;0,0670;M;U;
Saudi Arabia - Mobile;CLI;0,1010;M;U;
Saudi Arabia - Mobile - Al Jawwal;CLI;0,0920;M;U;
Saudi Arabia - Mobile - Bravo;CLI;0,1080;M;U;
Saudi Arabia - Mobile - Mobily;CLI;0,0930;M;U;
Saudi Arabia - Mobile - Virgin;;0,0970;M;U;
Saudi Arabia - Mobile - Zain;CLI;0,0940;M;U;
Senegal;;0,1720;M;U;
Senegal - Dakar;;0,1727;M;U;
Senegal - Fixed Expresso;;0,3272;M;U;
Senegal - Fixed Hayo;;0,3250;M;U;
Senegal - Fixed Tigo;;0,3194;M;U;
Senegal - Mobile - Expresso;CLI;0,3126;M;U;
Senegal - Mobile - Hayo;;0,3664;M;U;
Senegal - Mobile - Orange;CLI;0,2857;M;U;
Senegal - Mobile - Tigo;CLI;0,3154;M;U;
Senegal - Premium Services Phonegroup;;0,3362;M;U;
Serbia;;0,1255;M;U;
Serbia - Kosovo;;0,0682;M;U;
Serbia - Kosovo - IPKO FixNet;;0,1244;M;U;
Serbia - Kosovo - KujtesaNet;;0,0919;M;U;
Serbia - Mobile - MNTS;CLI;0,3171;M;U;
Serbia - Mobile - Others;;0,3216;M;U;
Serbia - Mobile - Telenor;CLI;0,3159;M;U;
Serbia - Mobile - Topnet;CLI;0,3171;M;U;
Serbia - Orion Telekom;;0,3272;M;U;
Seychelles;;0,5250;M;U;
Seychelles - Mobile - Airtel;;0,5250;M;U;
Seychelles - Mobile - C&W;;0,5250;M;U;
Seychelles - Mobile - Mediatech;;0,4300;M;U;
Seychelles - Mobile - Other;;0,3500;M;U;
Seychelles - Premium Services;;0,5800;M;U;
Sierra Leone;;0,4500;M;U;
Sierra Leone - Freetown;;0,3950;M;U;
Sierra Leone - Mobile - Africell;CLI;0,3900;M;U;
Sierra Leone - Mobile - Airtel;CLI;0,3510;M;U;
Sierra Leone - Mobile - Comium;CLI;0,3690;M;U;
Sierra Leone - Mobile - Datatel;;0,3950;M;U;
Sierra Leone - Mobile - Other;;0,3690;M;U;
Sierra Leone - Sierratel;;0,4000;M;U;
Singapore;;0,0170;M;U;
Singapore - Mobile;CLI;0,0170;M;U;
Singapore - Mobile - M1;CLI;0,0170;M;U;
Slovakia;;0,0025;M;U;
Slovakia - Mobile - Orange;CLI;0,0197;M;U;
Slovakia - Mobile - SWAN;CLI;0,0381;M;U;
Slovakia - Mobile - T-Mobile;CLI;0,0188;M;U;
Slovakia - Mobile - Telefonica 02;CLI;0,0197;M;U;
Slovenia;;0,1248;M;U;
Slovenia - Fixed - OLO1;;0,1180;M;U;
Slovenia - Fixed - OLO2;;0,1326;M;U;
Slovenia - Fixed - OLO3;;0,1326;M;U;
Slovenia - IPKO;;0,3709;M;U;
Slovenia - Mobile - IPKO;CLI;0,3709;M;U;
Slovenia - Mobile - Mobitel;CLI;0,2821;M;U;
Slovenia - Mobile - Simobil;CLI;0,3283;M;U;
Slovenia - Mobile - T2;CLI;0,2821;M;U;
Slovenia - Mobile - Telemach;CLI;0,3339;M;U;
Solomon Islands;;0,7550;M;U;
Solomon Islands - Mobile;;0,7770;M;U;
Somalia;;0,3915;M;U;
Somalia - Bosaso Golis;;0,2640;M;U;
Somalia - Hargeysa Telesom;;0,2943;M;U;
Somalia - Mobile - ASGSM;;0,3800;M;U;
Somalia - Mobile - Hargeysa Telesom;CLI;0,2943;M;U;
Somalia - Mobile - Hormuud;CLI;0,2500;M;U;
Somalia - Mobile - Onkod;;0,4050;M;U;
Somalia - Mobile - Somafone;;0,4050;M;U;
Somalia - Mobile - Somcom;;0,3900;M;U;
Somalia - Nationlink Somalia;;0,4000;M;U;
Somalia - STG Burao;;0,4230;M;U;
Somalia - STG Galcom;;0,3895;M;U;
Somalia - Skytel;;0,3550;M;U;
Somalia - Skytel - Special Services;;0,3550;M;U;
Somalia - Soltelco;;0,3870;M;U;
Somalia - Somaliland Telecom;;0,4200;M;U;
Somalia - Somtel;;0,4100;M;U;
Somalia - Telcom Somalia;;0,3083;M;U;
Somalia - Telcom Somalia - Premium Services;;0,3800;M;U;
South Africa;CLI;0,0105;M;U;
South Africa - Capetown;CLI;0,0105;M;U;
South Africa - Johannesburg;CLI;0,0105;M;U;
South Africa - Mobile - Cellc;CLI;0,0165;M;U;
South Africa - Mobile - MTN;CLI;0,0120;M;U;
South Africa - Mobile - Telkom SA;CLI;0,0390;M;D;
South Africa - Mobile - Vodacom;CLI;0,0115;M;U;
South Africa - Mobile - Wireless Connect;;0,0414;M;U;
South Africa - Value Added Services;;0,0510;M;U;
South Sudan;;0,2440;M;U;
South Sudan - Mobile - Gemtel;;0,1819;M;U;
South Sudan - Mobile - MTN;;0,2190;M;U;
South Sudan - Mobile - Vivacell;;0,2495;M;U;
South Sudan - Mobile - Zain;;0,1695;M;U;
Spain;CLI;0,0034;M;U;
Spain - Mobile;CLI;0,0131;M;U;
Spain - Mobile - Movistar;CLI;0,0706;M;U;
Spain - Mobile - Movistar - Roaming;CLI;0,0706;M;U;
Spain - Mobile - Orange;CLI;0,0706;M;U;
Spain - Mobile - Vodafone;CLI;0,0131;M;U;
Spain - Mobile - Yoigo;CLI;0,0131;M;U;
Spain - Shared Cost;;0,0061;M;U;
Spain - Shared Cost & Personal;CLI;0,1042;M;U;
Sri Lanka;;0,1280;M;U;
Sri Lanka - Dialog CDMA;;0,1295;M;U;
Sri Lanka - Lanka Bell;;0,1280;M;U;
Sri Lanka - Mobile - Airtel;CLI;0,1300;M;U;
Sri Lanka - Mobile - Dialog;CLI;0,1250;M;U;
Sri Lanka - Mobile - Etisalat;CLI;0,1295;M;U;
Sri Lanka - Mobile - Hutch;CLI;0,1260;M;U;
Sri Lanka - Mobile - Mobitel;CLI;0,1250;M;U;
Sri Lanka - Mobile - Other;CLI;0,1300;M;U;
Sri Lanka - SLT;;0,1275;M;U;
Sri Lanka - Suntel;;0,1295;M;U;
St. Helena;;1,2300;M;U;
St. Lucia;;0,1394;M;U;
St. Lucia - Mobile - Digicel;CLI;0,1880;M;U;
St. Lucia - Mobile - Other;CLI;0,1783;M;U;
St. Maarten;;0,0660;M;U;
St. Maarten - Mobile;CLI;0,0870;M;U;
St. Maarten - PRS 1;;0,5500;M;U;
St. Maarten - PRS 2;;0,8800;M;U;
St. Maarten - PRS 3;;1,1000;M;U;
St. Pierre & Miquelon;;0,2787;M;U;
St. Vincent & Grenadines;;0,1550;M;U;
St. Vincent & Grenadines - Mobile - Digicel;CLI;0,1730;M;U;
St. Vincent & Grenadines - Mobile - Other;CLI;0,1850;M;U;
Sudan;;0,1240;M;U;
Sudan - Mobile;;0,1310;M;U;
Sudan - Mobile - MTN;CLI;0,1270;M;U;
Sudan - Mobile - Sudani;CLI;0,1143;M;U;
Sudan - Mobile - Zain;CLI;0,1200;M;U;
Suriname;;0,0895;M;U;
Suriname - Mobile - Digicel;CLI;0,2280;M;U;
Suriname - Mobile - Others;CLI;0,1299;M;U;
Suriname - Premium Rate Service;;0,5500;M;U;
Suriname - Premium Rate Service 2;;0,8800;M;U;
Suriname - Premium Rate Service 3;;1,1000;M;U;
Swaziland;;0,0300;M;U;
Swaziland - Mobile;;0,1125;M;U;
Sweden;CLI;0,0013;M;U;
Sweden - Freephone;;0,0634;M;U;
Sweden - Mobile - H3G;CLI;0,0094;M;U;
Sweden - Mobile - Other;CLI;0,0094;M;U;
Sweden - Mobile - Tele2;CLI;0,0094;M;U;
Sweden - Mobile - Telenor;CLI;0,0094;M;U;
Sweden - Mobile - Telia;CLI;0,0094;M;U;
Sweden - Personal Numbers;CLI;0,0021;M;U;
Switzerland;CLI;0,0084;M;U;
Switzerland - Company Access Number;CLI;0,0137;M;U;
Switzerland - Mobile - Bebbicell;CLI;0,2152;M;U;
Switzerland - Mobile - Lycamobile;CLI;0,1009;M;U;
Switzerland - Mobile - Salt;CLI;0,4482;M;U;
Switzerland - Mobile - Sunrise;CLI;0,4482;M;U;
Switzerland - Mobile - Swisscom;CLI;0,3328;M;U;
Switzerland - Mobile - UPC - Cablecom;CLI;0,3922;M;U;
Switzerland - PRS;;0,0098;M;U;
Switzerland - Paging;CLI;0,3362;M;U;
Switzerland - Voice Mail Fixed;;0,3586;M;U;
Syria;;0,0615;M;U;
Syria - Mobile;CLI;0,0880;M;U;
Taiwan;;0,0102;M;U;
Taiwan - Mobile;CLI;0,0730;M;U;
Taiwan - Mobile - CHT;CLI;0,0730;M;U;
Taiwan - Mobile - FET;CLI;0,0730;M;U;
Taiwan - Mobile - Pager;;0,0750;M;U;
Taiwan - Mobile - TWM;CLI;0,0730;M;U;
Tajikistan;;0,0930;M;U;
Tajikistan - Dushanbe;;0,0930;M;U;
Tajikistan - Mobile - Babilon;;0,0800;M;U;
Tajikistan - Mobile - Other;;0,1200;M;U;
Tajikistan - Mobile - TK Mobile;;0,1190;M;U;
Tajikistan - Mobile - TT;;0,1100;M;D;
Tajikistan - Mobile - Takom;;0,0750;M;U;
Tajikistan - Mobile - Tcell;;0,1150;M;U;
Tanzania;;0,2560;M;U;
Tanzania - Dar es Salaam;;0,1630;M;U;
Tanzania - Mobile - Airtel;CLI;0,1850;M;U;
Tanzania - Mobile - Six Telecom;;0,1650;M;U;
Tanzania - Mobile - Smile;;0,1870;M;U;
Tanzania - Mobile - TTCL;;0,1650;M;U;
Tanzania - Mobile - Tigo;CLI;0,1800;M;U;
Tanzania - Mobile - Vodacom;CLI;0,1850;M;U;
Tanzania - Mobile - Zantel;CLI;0,1850;M;U;
Tanzania - Premium Services;;0,2100;M;U;
Tanzania - Special Services;;0,3995;M;U;
Thailand;;0,0270;M;U;
Thailand - Bangkok;;0,0270;M;U;
Thailand - Mobile;CLI;0,0270;M;U;
Thailand - Mobile - DTAC;CLI;0,0270;M;U;
Thuraya;;4,3702;M;U;
Thuraya - Aeromobile;;6,1632;M;U;
Thuraya - Emsat;;3,9489;M;U;
Thuraya - Global Networks;;2,8575;M;U;
Thuraya - Maritime Communications Partner;;1,2831;M;U;
Thuraya - On Air;;0,5995;M;U;
Thuraya - Oration Phonegroup;;1,9610;M;U;
Thuraya - RMSS Network;;1,4175;M;U;
Thuraya - Seanet;;1,5688;M;U;
Thuraya - Vodafone Malta;;0,0672;M;U;
Togo;;0,2230;M;U;
Togo - Mobile - Moov;CLI;0,2597;M;U;
Togo - Mobile - Togocel;CLI;0,2124;M;U;
Tokelau;;0,8700;M;U;
Tonga;;0,8900;M;U;
Tonga - Mobile - Digicel;;1,0734;M;U;
Trinidad & Tobago;;0,0890;M;U;
Trinidad & Tobago - Mobile - Digicel;CLI;0,1520;M;U;
Trinidad & Tobago - Mobile - Other;CLI;0,1520;M;U;
Tunisia;;0,5334;M;U;
Tunisia - Fixed Orange;;0,6387;M;U;
Tunisia - Mobile - Ooredoo;CLI;0,5379;M;U;
Tunisia - Mobile - Orange;CLI;0,6341;M;U;
Tunisia - Mobile - Tuntel;CLI;0,5334;M;U;
Turkey;CLI;0,0192;M;U;
Turkey - Cities;CLI;0,0170;M;U;
Turkey - Mobile;CLI;0,1063;M;U;
Turkey - Mobile - AVEA;CLI;0,1076;M;U;
Turkey - Mobile - Turkcell;CLI;0,0968;M;U;
Turkey - Mobile - Turkcell (N. Cyprus);CLI;0,0896;M;U;
Turkey - Mobile - Vodafone;CLI;0,1040;M;U;
Turkey - Mobile - Vodafone (N. Cyprus);CLI;0,0896;M;U;
Turkey - North Cyprus;;0,0336;M;U;
Turkmenistan;;0,0795;M;U;
Turkmenistan - Mobile;;0,1080;M;U;
Turks & Caicos;;0,1580;M;U;
Turks & Caicos - Mobile - C&W;;0,1850;M;U;
Turks & Caicos - Mobile - Digicel;;0,1780;M;U;
Tuvalu;;1,2000;M;U;
UPT;;1,6921;M;U;
US Virgin Islands;;0,0112;M;U;
Uganda;;0,2565;M;U;
Uganda - Mobile - Africell;CLI;0,2420;M;U;
Uganda - Mobile - Airtel;CLI;0,2360;M;U;
Uganda - Mobile - MTN;CLI;0,2810;M;U;
Uganda - Mobile - Smile;;0,2550;M;U;
Uganda - Mobile - UTL;;0,2350;M;U;
Uganda - Mobile - Vodafone;;0,2450;M;U;
Uganda - Mobile - Warid;CLI;0,2450;M;U;
Ukraine;;0,1110;M;U;
Ukraine - Mobile - Intertelecom;CLI;0,1500;M;U;
Ukraine - Mobile - Kyivstar;CLI;0,1790;M;U;
Ukraine - Mobile - Lifecell;CLI;0,1490;M;U;
Ukraine - Mobile - Telesystems;CLI;0,1500;M;U;
Ukraine - Mobile - TriMob;CLI;0,1500;M;U;
Ukraine - Mobile - Vodafone;CLI;0,1670;M;U;
United Arab Emirates;;0,1310;M;U;
United Arab Emirates - Mobile;;0,1300;M;U;
United Arab Emirates - Mobile - Etisalat;CLI;0,1270;M;U;
United Kingdom;CLI;0,0017;M;U;
United Kingdom - London;CLI;0,0017;M;U;
United Kingdom - Mobile;CLI;0,1434;M;U;
United Kingdom - Mobile - H3G;CLI;0,0078;M;U;
United Kingdom - Mobile - O2;CLI;0,0078;M;U;
United Kingdom - Mobile - Orange;CLI;0,0078;M;U;
United Kingdom - Mobile - T-Mobile;CLI;0,0078;M;U;
United Kingdom - Mobile - Value Added Services;;0,1955;M;U;
United Kingdom - Mobile - Vodafone;CLI;0,0078;M;U;
United Kingdom - NGN - 870;;0,1793;M;U;
United Kingdom - NGN - Local;;0,1009;M;U;
United Kingdom - NGN - National;;0,1793;M;U;
United Kingdom - Personal;CLI;0,2017;M;U;
United Kingdom - Service Numbers;;0,0100;M;U;
United States;CLI;0,0033;M;U;
United States - Alaska;CLI;0,0125;M;U;
United States - Hawaii;;0,0023;M;U;
United States - Toll Free;;0,0033;M;U;
Uruguay;;0,0409;M;U;
Uruguay - Mobile;;0,1510;M;U;
Uruguay - Mobile - Ancel;CLI;0,1149;M;U;
Uruguay - Mobile - CTI;CLI;0,1359;M;U;
Uruguay - Montevideo;;0,0259;M;U;
Uruguay - Punta del Este;;0,0409;M;U;
Uzbekistan;;0,0260;M;U;
Uzbekistan - Mobile;;0,0350;M;U;
Uzbekistan - Tashkent;;0,0180;M;U;
Vanuatu;;1,5500;M;U;
Venezuela;;0,0085;M;U;
Venezuela - Mobile - Digitel;CLI;0,0660;M;U;
Venezuela - Mobile - Movilnet;CLI;0,0299;M;U;
Venezuela - Mobile - Movistar;CLI;0,0665;M;U;
Venezuela - OLO;;0,0269;M;U;
Venezuela - PRS;;0,4501;M;U;
Vietnam;;0,0530;M;U;
Vietnam - Hanoi;;0,0530;M;U;
Vietnam - Ho Chi Minh City;;0,0530;M;U;
Vietnam - Mobile - Mobifone;CLI;0,0530;M;U;
Vietnam - Mobile - Others;CLI;0,0530;M;U;
Vietnam - Mobile - Viettel;CLI;0,0530;M;U;
Vietnam - Mobile - Vinaphone;CLI;0,0530;M;U;
Vietnam - VAS 1;;0,3050;M;U;
Vietnam - VAS 2;;0,3050;M;U;
Vietnam - VAS 3;;0,3050;M;U;
Voxbone - SA;CLI;0,0134;M;U;
Voxbone - UN;;0,0017;M;U;
Voxbone - Vodafone Malta;;0,0896;M;U;
Wallis & Futuna;;0,9100;M;U;
Western Samoa;;0,7130;M;U;
Western Samoa - Mobile;;0,6800;M;U;
Western Samoa - Mobile - Digicel;;0,7950;M;U;
Yemen Arab Republic;;0,1170;M;U;
Yemen Arab Republic - Mobile - MTN;CLI;0,1170;M;U;
Yemen Arab Republic - Mobile - Other;CLI;0,1145;M;U;
Yemen Arab Republic - Mobile - Sabafon;CLI;0,1145;M;U;
Yemen Arab Republic - Sanaa;;0,1170;M;U;
Zambia;;0,3050;M;U;
Zambia - Mobile - Airtel;CLI;0,3600;M;U;
Zambia - Mobile - MTN;CLI;0,3840;M;U;
Zambia - Mobile - ZAMTEL;CLI;0,3200;M;U;
Zimbabwe;;0,0768;M;U;
Zimbabwe - Mobile - Econet;CLI;0,3820;M;U;
Zimbabwe - Mobile - NetOne;CLI;0,2600;M;U;
Zimbabwe - Mobile - Telecel;CLI;0,3610;M;U;
Zimbabwe - Premium Services;;0,0800;M;U;
;;;;;
;;;;;
Country Billing:;"Default is 1-second increments; 1-second minimum.";;;;
;"Gambia is 1-second increments; 60-second minimum.";;;;
;"Mexico is 60-second increments; 60-second minimum.";;;;
;;;;;
;;;;;
Destination Billing:;"Cook Islands is 60-second increments; 60-second minimum.";;;;
;"Haiti - Mobile - Digicel is 60-second increments; 60-second minimum.";;;;
;"Haiti - Mobile - Natcom is 60-second increments; 60-second minimum.";;;;
;"Suriname - Mobile - Digicel is 60-second increments; 60-second minimum.";;;;
;"Tokelau is 60-second increments; 60-second minimum.";;;;
;;;;;
;;;;;
                    Unless otherwise agreed, rate increases are effective per the terms of the agreement governing the;;;;;
                    relationship of the parties.  Rate decreases are effective on the date indicated above.  The start ;;;;;
                    time on the effective dates of the rate changes is 00:00:00 GMT.;;;;;
;;;;;
                   The rates contained in this Rate Modification Notice apply to the specific Country-City codes detailed ;;;;;
                   alongside  such rates.  The Route Descriptions are provided for convenience only.  In all cases  the ;;;;;
                   country-city codes shall govern. Attached please find a list of all Country-City codes for this rate ;;;;;
                   modification notice.;;;;;
;;;;;
                   If more than twenty percent (20%) of total US Domestic Termination Traffic during any billing;;;;;
                   period is terminated in local exchange areas not serviced by a Regional Bell Operating Company;;;;;
"                   (""RBOC"") or a wireless operator, an additional charge of $0.03 per minute will be added to traffic in excess of   ";;;;;
                   such twenty percent (20%) threshold.  Any such additional charges, as described in the previous sentence;;;;;
                   will be billed as an adjustment to the original invoice for that billing period.;;;;;
                  This 80/20 rule excludes calls terminating to Alaska and Hawaii.;;;;;
;;;;;
iBasis? high-cost code list is available at www.ibasis.com/services/voip.htm;;;;;
;;;;;
                iBasis? offering may contain premium rate service destinations which have been marked as Premium Services.;;;;;
                 Since the number ranges are not owned by iBasis, iBasis is relying on information provided by its suppliers;;;;;
                 and therefore disclaims any responsibility for the content and accuracy of the labeling of these number ranges.;;;;;
                 By sending traffic to these destinations, Company agrees that it wishes to purchase Premium Services and;;;;;
                 that iBasis shall not have any liability for the traffic sent to these destinations. Alternatively, Company shall;;;;;
                provide explicit written instructions and shall not send any traffic to be terminated by iBasis to these number;;;;;
                ranges if it does not wish to purchase Premium Services.;;;;;
;;;;;
"                  Destinations listed as ""unchanged"" may have been increased on a previously issued rate modification notice";;;;;
"                  and may have not yet taken effect. Such rates are listed herein as ""pending changes"".  Unchanged rates on ";;;;;
                  this rate modification notice DO NOT override pending changes.;;;;;
                  If previously increased destinations are restated as unchanged, further increased, or decreased on this ;;;;;
                  notice and the effective date is greater than the prior effective date, the prior increase date will remain ;;;;;
                  in effect, with further changes as stated in this notice taking effect on the above listed date.;;;;;
;;;;;
;;;;;
;;;;;
Rates quoted in U.S. Dollars;;;;;
;;;;;
D = Decrease/ I = Increase/ N = New/ T = Terminated/ U = Unchanged/ A = Agreement/ C = Code Change;;;;;
;;;;;
P = Peak/O = Off-Peak/W = Weekend /M = Mixed;;;;;
;;;;;
;;;;;
;;;;;
iBasis Confidential;;;;;
Not for distribution without prior approval;;;;;
